text,label
"peki, evine zorla girin ve bana biraz salyangoz getirin.",talimat
ilaç bulamazsak çok sayıda ölü yolcumuz olacak.,soru
hayır. trombin ve von willebrand faktörü normal.,değerlendirme
hastalık viral enfeksiyon kaynaklı.,tanı
hemodinamik olarak stabil.,değerlendirme
bu wilson hastalığı.,tanı
ağrının nedeni bağırsağının bir kısmının kendi üzerine katlanmış olması. buna intususepsiyon deniyor. kan akışını engelliyor. bağırsağın nekroz olup ölmeden önce onu ameliyat etmeliyiz.,hipotez
"p.o.t.s., mono gibi viral ya da bakteriyel enfeksiyonla oluşabilir. madem öyle fludrokortizon yüklemesi yapın.",tedavi
radyolojiyi ara. beyninin fonksiyonel mrını istiyorum.,test/prosedür
hastaya hematin verilmesi planlandı.,tedavi
berbat hissediyorum. yapamıyorum.,açıklama
acil trakeotomi uygulandı.,tedavi
"kan basıncı düşüyor, hızlı müdahale etmeliyiz.",tanı
iğneyi midklavikuler hatta ikinci ve üçüncü kaburganın arasına saplamanı istiyorum.,test/prosedür
kanıtlamak için beyin biyopsisi yapman lazım.,test/prosedür
rakamları tersine çevirmiş. sayı karışıklığının klasik işareti. sol parahipokampal bölgede bir lezyon var demek.,tanı
chasee kırığı tamir etmesini söyle. siz ikiniz onu kemoterapi için hazırlayın.,tedavi
böbrek fonksiyonları henüz düzelmedi.,tanı
otobüs kazasında her iki böbreğini de kaybetti.,açıklama
"kusurlu dna, kritik bir protein üretmelerini engelliyor, bu yüzden sıvı birikimi oluyor.",hipotez
aids için tedavi edin.,talimat
"alerjenler için deri testi yapacağız. henüz değil, çok reaktif, her şeye pozitif çıkıyor.",test/prosedür
hiperthymesia ergenlikte başladığı için mevcut nörolojik tabloyla ilişkisi zayıf görünüyor.,değerlendirme
alkol yoksunluğu için valyum vereceğiz.,talimat
beyin tümörü de olabilir.,tanı
"kavernöz anjiyom sızıntı yapabilir, kan emilince basınç azalır ve semptomlar kaybolabilir.",tanı
"enfeksiyonu kendimiz eleyelim. ciğerlerini boşaltın, kültür gönderin, kanser için sitoloji yapın ve tansiyonunu ölçün.",talimat
bu ihtimali doğrulamak için ep çalışması yapıp kalp ritmini incelemeliyiz.,test/prosedür
charlotteun tedavisi işe yaramıyor. çok geç teşhis koyduk.,değerlendirme
yüksek doz glukoz tedavisi uygulanabilir.,tedavi
lenf bezlerinde büyüme var.,tanı
"hamilelik testi pozitif çıktı, bu bazı semptomları açıklayabilir.",tanı
"kokain akciğerleri hiç geçemedi, bu yüzden idrarda toksikoloji ekranı temiz çıktı.",açıklama
"mrsa için vankomisin, geri kalanı için aztreonam başlayalım.",hipotez
şimdi hangi adıma geçiyoruz?,soru
"dolaşımsal değil, nörolojik. sinir iletim çalışması yapın.",tanı
turnuvadan önceki gece knightsa inek gözü yedirdi. fear factordan aldığı bir fikir.,açıklama
karın ağrısı ve boğaz şişmesi. keşif amaçlı laparotomi yaptıklarında beni uyandırın.,soru
radyasyon zehirlenmesi olabilir. ona çektikleri röntgenlerden.,hipotez
goodpasture sendromu. dolaşımdaki antikorlar böbrek yetmezliği ve kanamaya neden olur.,hipotez
hormon paneli çalışın; pozitif çıkarsa testosteron verip eve göndeririz.,test/prosedür
sirozu doğrulamak için biyopsi yapın ve suçu wilsonın üzerine atmaya çalışmayın.,talimat
eş tarafından zehirleme girişimi saptandı.,tanı
hedef şeklindeki döküntü saklanıyor! kimse ona yeterince yakından bakmamış.,açıklama
bu bir şey. yani bir şey için tedavi etmeliyiz. kanser için kemoterapiye başlıyoruz.,tedavi
kalbini normal ritmine döndürene kadar onu iyi bir şekilde görüntüleyemeyiz. kalbi mr için çok düzensiz.,test/prosedür
diyabet düşünmeli miyiz? glukoz tolerans testi yapalım.,soru
"bütün garip şeyleri bastırdığımı hissedebiliyorum. taburcu oluyorum, değil mi?",değerlendirme
ssri türü ilaçlar deneyebiliriz.,tedavi
boyun damarları şişmiş; perikardiyal efüzyon olmalı. hırıltı yok.,hipotez
akciğerdeki dev kistlerin rezeksiyonu için hastayı acil torasik cerrahiye hazırlayın.,talimat
hayır. cipa ağrıya duyarsızlık demektir. yine de ağrıyı iletebilecek dağınık sinir lifleri var ama sinyaller beyne ulaşmıyor. ya daha fazla ağrı uyarısı verirsek? çok daha fazla. belki bir kısmı geçer.,soru
tüberküloz testi yapmamız gerekiyor.,talimat
akciğerde kanama var.,tedavi
kortikosteroid tedavisi uygulandı.,tedavi
doktorlar sadece iki aylık ömrünün kaldığını söylediği zaman ben de anlaşmamı yaptım.,açıklama
hemşireler başını tuttuğunu söyledi. bunun özellikle kulağı olduğunu nereden anladın?,soru
kafatasından örnekleme işlemi yapıldı.,test/prosedür
sol yarımkürede plak yok.,tanı
rachel ateşi çıkarak erken uyandı ve bütün sabah bana kök söktürdü.,açıklama
tam bir test paneli istiyorum.,talimat
beyni görüntüleme cihazlarında ortaya çıkmayan bir şey. hasta ama görecek kadar hasta değil. stres altına alın. beyni zorla. uyanık tutun.,açıklama
transözofageal eko ile akciğerlerin içine bakabiliriz.,hipotez
geri döndürmeye başlamalıyız. daha zaman var. zaman kalmadı.,değerlendirme
başının mrını çektireceğim.,tedavi
ya davranışı ondansetronun bir yan etkisi değilse? ya bir semptomsa?,soru
"dış eeg, birden fazla yapısal anormallik varsa kafası karışabilir. eegyi kafatasının içinden yaparsak biyopsiyi nereye yapacağımızı gösterebilir.",test/prosedür
"kurşun parçalarını çıkardık, kanda kalan zehri temizlemek için şelasyon tedavisine başlayın.",talimat
epilepsi için eeg yapın. beynini tümörler için bt çekin.,talimat
"güneş ışığı eksikliğinden kaynaklanan d vitamini eksikliği bağışıklık sistemini zayıflatır, köleleri sıtma veya dang hummasına karşı daha savunmasız hale getirir.",açıklama
metabolik sorun kontrol altına alınırsa yine de transplant gerekli olacak mı?,soru
kan testleri tekrarlandı.,test/prosedür
hipotalamustaki skar dokusu hipofize baskı yapıyorsa adrenal bezler kapanır; bu addison hastalığıdır ve kortizol enjeksiyonu ile düzelebilir.,hipotez
kalp hızı yükselmiyor; 130un üstüne çıkaramazsak bir şey göremeyiz.,değerlendirme
son zamanlarda bir arı tarafından sokuldun mu?,soru
"sol tarafta soluk sesi yok. pnömotoraksı var. hanna, akciğerlerinden biri çökmüş. tekrardan havayla şişireceğim, tamam mı?",hipotez
fabry hastalığı teşhisi kondu.,tanı
bacaklarında felç mi var?,soru
doktorlar bunun muhtemelen asit reflü olduğunu söylüyor.,açıklama
"ya da kawasaki hastalığı. arterlerin iç kısmını yiyen antikorlar yapıyor, büyük organlara kan akışını birer birer kesiyor.",hipotez
daha kanser olduğunu bile bilmediğimiz birine kemoterapi mi vereceksin? hayır; kanser semptomları açıkladığı için ona kemoterapi vereceğim.,tedavi
agresif bir spinal hemanjiyom karaciğeri ve akciğerleri açıklayabilir.,tanı
bos kültüründe üreme sürüyor ama gram boyamada hiçbir şey görülmüyor; tablo menenjiti düşündürüyor.,açıklama
ilaçları tamamen kesmek yerine kontrollü azaltarak detoks yapmak daha güvenli olabilir.,tedavi
"daha önce böyle bir sorun oldu mu, aile öyküsü var mı? diazepam 10 mililitre, hemen.",soru
ona ondansetron ve prostaglandin veriyoruz.,talimat
hastalığının semptomu mu yoksa tedaviden mi kaynaklı?,soru
doğrulamak için karaciğer biyopsisi yapacağım.,test/prosedür
taub haklıydı. sarkoidozu var. tütün toksin salıyordu. bu toksinler de bağışıklık sistemini bastırıyordu.,açıklama
kan uyluklarına mı sızıyor? bacaklarda herhangi bir şişlik veya asimetri yok.,soru
kan testleri ciddi elektrolit dengesizliği gösteriyor.,tanı
vücudunun her yerindeki tıkanıklıklar ağrısını ve krampların gelip gitmesini açıklar.,açıklama
"akciğerleri sıvıyla dolmuş, hemen entübe edilmeli.",tedavi
kalp hızı 170. yavaşlatmamız lazım. altı miligram adenozin verin.,talimat
bt çekebilmek için onu tekrar ısıtmalıyız.,test/prosedür
bebek çok sağlıklı; biyolojik annesinin meth kullanımı ona kalıcı bir zarar vermemiş.,açıklama
tümör cerrahi olarak çıkarılmalı.,tedavi
"matt, bu sabah herhangi bir uyuşturucu aldın mı?",soru
röntgene bak. normal gaz paterni. kolonda hava var.,test/prosedür
bardağı tam önündeyken iki kez ıskaladı. bu da listeyi tek bir şeye indiriyor... early-onset parkinsons.,açıklama
deliryum ve bulantıya ne sebep olur?,soru
psittakoz olasılığı değerlendirildi.,hipotez
lp akyuvarların yükseldiğini gösteriyor. her yerinde enfeksiyon var.,test/prosedür
"ve karaciğer hastalığı gibi kronik bir rahatsızlığı olsa fark ederdik, muhtemelen bağırsak enfarktı.",tanı
tansiyon geri yükseliyor. işe yarıyor.,talimat
"idrar phını ve anyon açığını tekrar ölçün, böbrek asidozunun derecesini görmeliyim.",talimat
karaciğerinde bir sorun var. kan akışı geri tepiyor ve yemek borusuna doluyor.,açıklama
aspirasyon yapın ve onu oturtun.,hipotez
nekrotik doku ilerlerse enfeksiyonu önlemek için sınırlı debridman gerekebilir.,açıklama
"hipotalamus burada, di ve idrar kaçırma burada. amigdala burada. küresel bir hafıza kaybı burada. ve motor korteks, işte size ayak felci.",hipotez
hasta bir blog yazarı. fotoğraflarının dijital olmayan bir şey olduğunu göremiyorum.,değerlendirme
"fluktuan değil. berrak, irin değil.",test/prosedür
karaciğeri neden iflas ediyor?,soru
radyasyonun gecikmiş etkisi olabilir. bazen biraz zaman alır.,hipotez
tıbbi geçmişinde ameliyat yok ama bir ameliyat geçirmiş. tüm vücut taraması isteyin.,test/prosedür
nakil sonrası gonore tedavisi sürdürüldü.,tedavi
"superior mezenterik arterde tıkanıklık varsa, bağırsağa kan akışını kesebilir.",tanı
başka nerede yaşadınız? tatiller? toksik maruziyet?,soru
nefes alamıyor. kaufman burnuna oksijen maskesi tutuyor.,açıklama
"küçük ağrılar, şişlik, herhangi bir şey var mıydı?",soru
imdat! nefes alamıyorum! göğsümde bir şey var gibi!,açıklama
işık ve ses ile nöbet tetiklenmeye çalışıldı.,test/prosedür
tedavi edilebilir. doksisiklin.,tedavi
crush sendromu temel olarak potasyum birikmesidir. fazla potasyumu geri alırsak. zaten sodyum bikarbonat tedavisi yaptık. ama glikoz ve insülinle değil.,tedavi
nefes alma sorunu akciğerlerine sıvı dolması yüzünden olmuş. diabetes insipidus. ve dinın geldiği yerde hipotalamus hasar görmüş.,hipotez
"akciğer nakli yaklaşık yarım milyon dolar, ancak bu zavallının sigortası yok.",açıklama
pıhtı riskine karşı kan sulandırıcı tedavi başlandı.,tedavi
"mekansal tanıma sorunum var, hafıza değil.",test/prosedür
ona biraz daha ibuprofen ver ve bir süre banyoya sok.,talimat
acilde vücut ısın bir aşağı bir yukarı gidiyor; kaç aylık bu deri greftleri?,değerlendirme
test sonuçlarını beklerken benim haklı olduğumu kanıtlamak için intravenöz cefuroxime başla.,tedavi
peki ya goodpasture? akciğerleri ve böbrekleri etkiler.,soru
"psikiyatri ilaçlarını kesin, fiziksel tarafta neyin ne olduğunu biliriz.",açıklama
yani nefes alma sorunumun als ile bağlantılı olduğunu mu düşünüyorsunuz?,soru
tomografi destekli biyopsi ayarla.,talimat
entübe edin ve hiperventile edin.,test/prosedür
ben doktorum. beş yıl önce kornea nakli oldunuz mu? o donörden organ nakli alan diğer herkes ya öldü ya da ölmek üzere. korkutmak istemem ama diğerleri de kendini iyi hissediyordu.,değerlendirme
çıkan kolon temiz.,değerlendirme
staph aureus enfeksiyonu olabilir.,hipotez
enfeksiyon ihtimali hala var.,açıklama
vücut sıcaklığını doksana düşürün.,tedavi
bir adamı bitkisel hayattan uyandırmak. ona bir iğne yapın.,talimat
kas dokusunda ölüm meydana gelmiş.,tanı
"digeorge sendromu. genetik bir durum, bezin körelip yok olmasına neden olabilir. kilo alamamasının sebebi buydu.",tanı
"güzel, parazit.",hipotez
önce fasiyal kırık için röntgen çekmeliyiz. bu basit bir travma da olabilir.,talimat
burada gördüğünüz şey bir kurt larvası.,açıklama
küçük hücreli akciğer karsinomunuz var; paraneoplastik nörolojik sendroma neden olmuş.,tanı
fetüsü çıkarmamız gerekiyor yoksa hasta ölecek.,tedavi
bacaktaki ağrının damar tıkanıklığından kaynaklanıp kaynaklanmadığını görmek için anjiyografi yapalım.,hipotez
yakın zamanda cinsel temasın oldu mu?,soru
"canım acıdı. çocuğun karaciğeri, hepatik venini tıkayan büyük pıhtılar yüzünden iflas ediyor. aynı anda hem kanama hem pıhtı nasıl olabilir?",soru
btyi açın.,test/prosedür
veba mı? kara veba mı?,soru
mide-bağırsak kanaması bulantıyı ve halsizliği daha iyi açıklar.,hipotez
kan nerede? bu sıvı şeffaf.,açıklama
"mr, bt ya da kan testlerinde göremediğimiz bir kanser mi?",soru
ilk dozu ameliyathanede direk akciğerlerine verin. izoleli odada uv ışını verin.,tedavi
fare zehiri konusunda yanıldık.,değerlendirme
patronumuz kalbinin durmasının nedeninin kazara boğulman olduğunu düşünüyor.,açıklama
siz ikiniz kadının mrını çekin ve msi doğrulayın.,test/prosedür
"ekg de temiz, kalp gibi de görünmüyor.",değerlendirme
hastada vücutta dolaşan kan pıhtıları var.,açıklama
akciğer lezyonları olabilir. ccam.,açıklama
koku bozukluğu ile tünel görüşünü birleştirirsek belirtiler batı at ensefaliti ile uyuyor.,hipotez
karın ağrısı var; karsinoid sendrom olabilir.,hipotez
"akciğerlerimde bir mantar mı, oraya nasıl girmiş olabilir ki?",soru
mide tümörü olabilir.,hipotez
displazi olmaması kanser olmadığı anlamına gelir.,değerlendirme
şoklar msin erken bir belirtisi olan lhermitte belirtisi olabilir.,hipotez
artık yüzümü net görebiliyorsun; gözlüklerini atabilirsin.,değerlendirme
"boğazı çöktü, prob sıkıştı; trakeotomi açıyoruz.",değerlendirme
akciğerlerini test etme zamanı.,açıklama
anjiyodisplazi olasılığını da düşünmeli miyiz?,soru
ultrason yapın; haklıysam organı çıkarıp taşları inceleyelim.,test/prosedür
ağrı ve ağrıyı tedavi eden ilaçlar beyin kimyasını değiştirerek çalışır; bazen ağrı reseptörleri ağrı kesicileri gerçek ağrı gibi algılar. ilaçları kesin.,tanı
açıkça değil; aksi hlde acil servis houseu aramak zorunda kalmazdı.,değerlendirme
mrın alt kesitlerinde akciğerlerin tepesinde skar dokusu var.,tedavi
"flasid felç hakkında yalan söyleyemezsin, ya bir konversiyon bozukluğu varsa?",soru
ivig tedavisi başlandı.,tedavi
"mri cihazını çalıştırmayın, mıknatıs iğneleri hastanın beyninde hareket ettirip onu öldürür.",talimat
ekoda yapısal anormallik görünmedi.,açıklama
"ya bebeğe steroidler, bir anti-anjiyogenez ajanı ve dopamin başlarsak?",soru
ödem ve nefes darlığı birlikteyse tabloyu sistemik kalp yetmezliği olarak düşünmek daha doğru olur.,açıklama
ya önce psikoz başladıysa? sonra kendine zarar verip kulağını zedelediyse?,soru
zehirli sarmaşık. kamp ateşi yaprağı yağını aerosolize ediyor; akciğerlerine ve sinüslerine ne yaptığını hayal edin.,hipotez
"daha tuhafı, alkalen fosfataz artmamış.",değerlendirme
nabız aldım. itp değil. sahte ışınlamaya ihtiyacı olmadığı açık.,tanı
eddieye hormon testleri yaptım. prolaktin seviyesi normalin üstünde.,test/prosedür
hiçbir şey hissetmedim. kesin ms. özür dilemenin senin iyi hissetmene sebep olması gerekmiyor.,değerlendirme
muckle-wells sendromu mu? amerikada belgelenmiş yalnızca birkaç bin vaka var.,soru
"pıhtılaşma çalışmaları, pt, ptt, faktör 5, protein cs gönderelim.",test/prosedür
mrg ve mamografi sadece benign kalsifikasyonlar gösterdi. tümör yok.,test/prosedür
antidepresanlara devam etmelisin.,tedavi
"salya akıtmıyor, başını dik tutabiliyor ve yemek yerken boğulmuyor; boğazı sandığınız kadar kötü değil.",açıklama
buraya bir defibrilatör lazım!,talimat
"diseksiyon, alkolün hipertansif krize yol açtığı teorisinin yanlış olduğunu gösteriyor.",değerlendirme
yani bir onkoloğun gözetimi altındasınız?,soru
"hasta bebekler ekovirus 11, cmv ve parvovirus b-19 için pozitif. sağlıklı çocuk da ekovirus 11 ve cmv pozitif.",açıklama
"iç yaralanma olmadığından emin olmak için röntgen çekmemiz, enfeksiyon için kan testi yapmamız, nörolojik anormallikler için eeg çekmemiz ve bir spinal sinir biyopsisi yapmamız gerekiyor.",test/prosedür
başka ihtimal var mı?,soru
bir ekg ve sestamibi taraması yapacağız.,talimat
"boyun damarları normal. tamponad da yok. hanna, akciğerinde pıhtı var. ama düzelteceğim. damar yolundan streptokinaz ver.",tedavi
hastayı stabilize etmek için serum fizyolojik saline takviyesine devam ediyoruz.,talimat
evet.,açıklama
metotreksat dozunu iki katına çıkarın ve prednizon ekleyin.,talimat
ne tür uyuşturucular kullanıyordun?,soru
bağışıklık sistemini baskılamak için yüksek doz steroid tedavisine hemen başlayın.,talimat
bunu neden daha önce söylemedi?,soru
adama buğday yedirin ve alerjik reaksiyonu görmek için endoskopi yapın.,talimat
kapak dehisanse üzereyse eko kalp krizini tetikleyebilir.,değerlendirme
"gece kötü uyudum; boğazım tahriş oldu, öksürüyorum, midem bozuk ve sanırım ateşim var.",açıklama
"doğru tanı sayesinde çocuğun sadece kilosu değil, tüm metabolik geleceği değişebilir.",açıklama
mantar kolonizasyonunu engellemek için nistatin içeren ağız gargarası kullanılmalı.,talimat
ampisilin hiç dokunulmamış. cameronın teorisi gitti.,test/prosedür
çifte doz interferon başlayın.,tedavi
"esas hastalığı tedavi etmeliyiz. kanser, septisemi, travma, karaciğer hastalığı, hemorajik ateş olabilir.",hipotez
"kemik iliğinden parçalar dolaşımına sızıyorlar, bu yağ embolileri böbreklerinde, akciğerlerinde ve beyninde tıkanıklığa neden oldu.",tanı
200e şarj ediliyor. hazır.,talimat
ona efor sarf ettirmeliyiz. hastaya koşu bandı testi yapın.,test/prosedür
bu ilaçlar belleğimi sıradan bir hafızaya mı dönüştürecek?,soru
mutlaka kanser olmalı. mutlaka olmalı ama değil. biyopsi sonucu negatifti.,değerlendirme
beni hiç sevdin mi?,soru
none,tanı
aritmi hidroksiüreye karşı reaksiyon olmalı. ilaç tedavisini durdurmalıyız.,açıklama
mrın iyice görüntüleyebilmesi için en az dört dakika lazım. fakat beyinde kalıcı hasar olmaması için en fazla üç dakika durdurabiliriz.,test/prosedür
hastanın kulağından kanama başladı; daha sonra bos kaçağı cerrahi olarak onarıldı.,değerlendirme
ne zamandır depresyondasın?,soru
"öyleyse kitle başka bir yerde, pıhtı atmış ve kalbinin arterlerinden birini tıkayıp durmasına neden olmuş.",tanı
mesane fonksiyon bozukluğu nörojenik olabilir.,tanı
ihtiyaç duyulma ihtiyacın çok güçlü. bu durum bağımlılığı besliyor.,açıklama
kocam bisiklete binmeyi çok severdi. pil fabrikasında çalışıyor. lütfen onu kurtarın.,açıklama
hastada tularemi teşhisi kondu.,tanı
anatomik işaretleri bulamıyoruz ama kesmek zorundayız yoksa hasta nefes alamayacak.,tedavi
yanlış teşhis ihtimali var.,açıklama
wilson hastalığı karaciğeri ve nörolojik semptomları açıklayabilir. kanama bozukluklarına da neden olur.,hipotez
sarkoidoz olabilir.,hipotez
idrarını leicester üniversitesine göndermeliyiz. orada uranyum için daha gelişmiş bir tarama tekniği var.,hipotez
"kalbi yeniden başlatırsanız hızlı atmaya devam eder, serbest radikaller üretir ve beynini öldürür.",tedavi
"tavşanlarından tularemi bulaşmış sana, sana antibiyotik vermeye başladım, birkaç gün içinde düzelirsin.",tedavi
sorun sadece kusursuz hafıza değil; kendi yaşamını obsesif biçimde tekrar eden bir zihinsel döngü var.,değerlendirme
negatif çıkarsa geniş spektrumlu antibiyotik başlayın.,tedavi
enfeksiyon?,hipotez
sizi kan sulandırıcılara ve diğer ilaçlara başlatmamız gerekiyor. bu süreç iki ila üç hafta sürecek.,talimat
biyopside belli bir inflamasyon görünmedi. ibhyi akla getiriyor. ama kardiyak problemleri açıklamıyor. ya da böbrek fonksiyonlarının azalmasını.,hipotez
nöbetleri durdurmak için fenitoin verin.,tedavi
"hasta mri cihazında kusuyorsa hemşireler temizlesin, taramaya devam edin.",talimat
"yani önce felç geçiriyor, şimdi de böbrekleri iflas ediyor. neden?",soru
altı çocuk doğurmuş olmamın bununla ilgisi olabilir mi?,soru
bacak ağrısı için ibuprofen yeterli gelmiyor.,tedavi
"adenozin ve verapamil verdik, bir saat önce swan kateteri yerleştirdik.",tedavi
küçük inmeler mini strokes hafıza kaybına ve bayılmalara yol açabilir.,hipotez
vücudunda dolaşan bir pıhtı var.,tanı
"sürekli kusma, sigaradan tiksinme ve ayak kaşıntısının ortak noktası hepatit a.",hipotez
nefes almıyor. aspirasyon yapın.,talimat
kornea nakilleri kansızdır. bu da appleın büyük olasılıkla iyi olacağı anlamına gelir.,değerlendirme
v-fib!,tanı
peki ya omurilik lezyonu?,soru
bu kesinlikle kanser değil.,değerlendirme
tiamin eksikliği lösemiden daha iyi uyuyor. ona tiamin haplarını yutturmalıyız.,hipotez
hey. tekerlekli sandalyedeki adama bağıramazsın. bu yavaş bir sızıntı. hızlandırmalısın. kanını sulandırın ve venogramı tekrar yapın.,test/prosedür
karaciğer kistleri bir fazlalıkla aynı semptomlara sahiptir; ateş.,açıklama
evi kontrol edin. akciğer ventilasyon taraması yapın.,talimat
kocam eskiden çok kibar biriydi. şimdi aklından geçen her şeyi söylüyor. bu tedavi edilebilir mi?,soru
"ayak bileği, tibia ve fibula, hepsi normal görünüyor. iltihaplanma ve osteomyelit belirtisi yok.",değerlendirme
beyin aktivitesi arttı.,değerlendirme
"bence bakteriyel olabilir, kan kültürü yapacağım.",test/prosedür
"38 yaşında kadın, önceden semptomu yok, dvt ile başvuruyor. nasıl oldu?",açıklama
karın ağrısı ve ekstremitelerdeki uyuşmayı solunum yetmezliğiyle nasıl bağdaştırırız?,soru
bulimi ve ilaç kötüye kullanımı resmi olarak yazılırsa hasta nakil dışı kalabilir.,açıklama
bir bt çekmemiz gerekecek.,talimat
ercp ile devam edin.,talimat
"derin bir nefes al ve iğneyi lenf nodunun içine sok, şırıngayı geri çekmelisin.",test/prosedür
poliserözit durumu açıklar. indometazin başlayın.,tedavi
"hastaya metakolin testi yapın, laringospazmı tetikleyip tetiklemediğine bakın.",talimat
bu bir tümör değil; çok hızlı kötüleşiyor ve artık ayağa kalkamıyor.,açıklama
ince kesitlerle t9dan aşağıya kadar tarayalım.,açıklama
"o kitle ne olursa olsun, hastalığı o. bir parça lazım. biyopsi yapıyorum.",açıklama
hareket ettiğine göre tamamen felç değil.,değerlendirme
denge probleminin boynun aşağısından mı yoksa yukarısından mı kaynaklandığını anlamak için vestibüler kalori testi yapmamız lazım.,test/prosedür
iv interferon başlatın.,tedavi
"kanama, pıhtı, tümör veya enfeksiyon olabilir; adamın dev kafasını bir ctye sokun.",talimat
"text:mitral kapak,type:anatomy",değerlendirme
kalp krizi gibi görünüyor.,tanı
şistozomiyaza ikincil avm.,tanı
"çok seyahat ediyor, belki de amfetamin kullanıyordur, insanlar bunları nane gibi tüketebiliyor.",değerlendirme
"semptomların ani başlaması görsel agnoziyi düşündürüyor, bu genellikle inme ya da beyin tümörüyle ilişkilidir ama mr bunu doğrulamadı.",tanı
bulgular akut intermittan porfiri ile uyumlu.,tanı
belki de sadece depresyondalar; annesi ölmüş ve babası ölmek üzere olan her çocuk mutsuzdur.,hipotez
"peki, çift görme bize ne anlatıyor?",soru
antisentromer antikor testi pozitif.,test/prosedür
bu baldıran otu. kral dışında kimseye satmadın mı?,açıklama
"gidin endoskopi yapın, tümörü bulun.",talimat
kitle katı görünüyor. kanser derim ben.,hipotez
peki ya takayasu arteriti?,soru
sars olasılığına karşı hastaya ribavirin ve interferon tedavisi başlatın.,talimat
fenobarbital koması hem yoksunluk krizini çözer hem de prosedür için hastayı sabitler.,talimat
hipofiz hasarını bulmak için mr çekin.,talimat
burun kanaman oluyor mu?,soru
hıçkırık. her şeyi denedim.,soru
"iğne batırın, eğer irin varsa haklıdır.",test/prosedür
rocky mountain benekli ateşi.,tanı
hastane açısından bu basit bir lobar pnömoni vakası.,açıklama
sinir testi yapmalıyız. periferik nöropati olup olmadığını doğrulamamız lazım.,hipotez
"akıl hocası helen rutherford; eklem ağrısı, yorgunluk, ışığa duyarlılık ve depresyondan oluşan ciddi bir hastalığa yakalanmış.",açıklama
oğlunun belirtileri geliştirmesi kızından iki kat daha uzun sürdü; belki diğer çocuklar sadece daha yavaştır.,hipotez
indirekt coombs testi negatif bulundu.,test/prosedür
crps için tedaviye başlayacağız.,tedavi
ben mr çekeceğim.,test/prosedür
"morfine yanıt vermeyen karın ağrısı kurşun zehirlenmesi işareti olabilir, kemiğinin arkasına bakın.",talimat
"antibiyotik ve prednizon verin, hızla düzelecek.",tedavi
belirtiler kolon kanseriyle ilişkili olabilir; bunu değerlendirmek için kolonoskopi düşünmeliyiz.,hipotez
soğuk aglütinler değil.,tanı
önce heparin başlanmışsa klasik warfarin nekrozu açıklaması zayıflar.,açıklama
"hayır, eegin normaldi. röntgenlerde kırık yoktu, kan testlerinde enfeksiyon çıkmadı, idrar da... hannah? kod çağırın. tanrım. buz paketleri ve soğutma battaniyesi getirin. serum fizyolojik var mı?",soru
peki ya nöroendokrin tümör?,soru
"harika. beyin btsi isteyin, kan kültürü alın, biyokimya paneli ve tam kan sayımı çalışın.",test/prosedür
uyku apnesi kronik yorgunluğa ve paranoyaya neden olabilir. ona polisomnogram yapın.,hipotez
"temporoparietal kavşak mri, mra ve tam vücut taramasında temizdi.",değerlendirme
"zaten beta bloker ve nitrogliserin verdim, işe yaramadı.",tedavi
bir saat sonra sıvı yüklemesi yaptıktan sonra testi tekrarlayacağım.,tedavi
antibiyotiklerin işe yarayıp yaramadığını bilmeliyiz.,değerlendirme
endoskopi sonuçları mide mukozasında hasar gösteriyor. sistemik bir süreç olmalı.,açıklama
hipotalamusa doğrudan uygulanan elektriksel uyarılar detaylı anıları ortaya çıkarabilir.,tedavi
lp yap. sıvı berraksa sen kazanırsın. bulanıksa augmentini veririz ve reaksiyon riskini göze alırız.,hipotez
bu kadar ilerlemiş lenfoma varsa kanında ve beyninde görebilmeliyiz. chase kan yayması yap. foreman mr çek.,açıklama
adama üç ay önce adenokarsinom tanısı koydum ve altı ayı kaldığını söyledim.,tanı
eegsi yavaşladı.,değerlendirme
trauma bağlı anevrizma gelişmiş olabilir.,hipotez
"acil serviste sedatif vermeyi denemişlerdir, dozu artırmalıyız.",hipotez
"ekstra kırmızı hücre enjekte etmek kanınızı kalınlaştırır. kalın kan pıhtı demektir, bu da solunum sıkıntısı demektir.",açıklama
"hasta çocukların annelerini ekovirus, cmv ve parvovirus için test edelim. antikoru olmayan hangisiyse çocuklarını öldüren odur.",test/prosedür
kalp hastalığı benim ücret aralığımın biraz altında.,değerlendirme
bu mrsa olayı her şeyi mavi gösterir mi?,değerlendirme
hastaya antibiyotik başlandı.,tedavi
sağlık geçmişine ne kadar güvenebiliriz ki?,soru
basınçla işlenmiş ahşaplar arsenik içerirdi.,hipotez
acil servis prostat büyümesini ve kolon tıkanıklığını eledi.,açıklama
multipl skleroz tomografide görünmez ve adı swenson. iskandinav ırklarında ms yaygındır.,test/prosedür
kalp ritmini korumak için pacing wire yerleştirmeliyiz.,tedavi
onu kömür hemoperfüzyonuna alın.,tedavi
wilsona biyopsi yaptırın.,talimat
"bacağım bize 11:15e kadar süre verdi. wilsonla lenfoma, lupus için ana, ilaçlar için radyoimmünoanaliz hakkında konuşacağım ve sen... ne olduğunu düşünüyorsan onu test edeceksin. bir eczacıyla randevum var.",hipotez
bacağı kurtarmak mümkün olmazsa amputasyon gerekebilir.,tedavi
ödemi ya da diseksiyonu açıklamaz.,değerlendirme
omurgada vasküler bir tümör olabilir.,hipotez
mri kas dokusunda hasar olduğunu gösterdi.,tanı
hemen ameliyathaneye alınması gerekiyor.,talimat
gece boyunca onu gözlemleyin. başka bir nöbet geçirip geçirmediğine bakın.,talimat
"parazitler? sıtma, chagas?",hipotez
ameliyat mı? bu karaciğer yetmezliği olan yeni doğmuş bir bebek.,soru
bağırsağın bir kısmı nekroze olmuş ve çıkarıldı.,tedavi
arnold-chiari? kas güçsüzlüğü olmadan olmaz.,değerlendirme
zehirlenme ihtimali için kan testi yaptık.,test/prosedür
hastanın hafızası test edilecek.,test/prosedür
lomber ponksiyon yapın.,test/prosedür
biyopsi amiloidozu doğruladı.,tanı
plevral efüzyon. orada en az 200 cc sıvı var.,hipotez
hastanın kalbine kalp pili takmak için fluoroskopi kullandık.,tedavi
hastanın cinsel öyküsü yeniden sorgulandı.,soru
"eklemlerim gevşek, son zamanlarda çok hasta oluyorum. günde 10 mil koşuyorum ama kilo veremiyorum.",soru
lakrimal bez fonksiyonlarını değerlendirmek için acilen schirmer testi yapın.,talimat
kızınızın damar sistemi kanla dolup taşmış durumda. bir miktarını boşaltmak başka bir inme riskini azaltıyor.,açıklama
babasında oralarda püstüller var. peki o çiçek hastalığına yakalanıyor da kızı nasıl es geçiyor?,soru
garsonluk yaptığı yer ve evi botulizm ya da alkol kullanımı açısından araştırılmalı.,hipotez
aşırı vicodin kullananlarda işitme kaybı görülebilir.,hipotez
daha da kötüleştiğinde bir pet taraması yapın.,test/prosedür
ağrı kontrolü için morfin talep edildi.,tedavi
hl tıkanıklık belirtisi yok.,değerlendirme
onu neyin zehirlediğini biliyorum. sadece pankreatit.,açıklama
doksisiklin tedavisi başlandı.,tedavi
enfeksiyon riskine karşı hastayı geniş spektrumlu antibiyotiklerle izlemeliyiz.,talimat
sifilis değil. vdrl ve enzim immün analizi negatif.,değerlendirme
"hemen kafatasının röntgenini çekin, iğnelerin yerini görmemiz lazım.",talimat
koroner anjiyografi?,test/prosedür
hastayı tüm vücut radyoterapisi için hazırlayın.,tedavi
membranöz septumda tutulum azalması var. bir ep çalışması yapın.,talimat
kalbini yeniden başlatmak onu öldürebilir.,değerlendirme
ağrı geri mi döndü?,soru
parlak ışık göreceksin. vücudun çok fazla bakır biriktiriyor olabilir. kayser-fleischer halkaları arıyoruz.,test/prosedür
ona şunlardan birini yapın. bu nalokson. bir afyon engelleyici.,talimat
biyopsi sonucu negatif.,test/prosedür
juguler ven belirgin; sorun akciğerde değil kalpte olabilir.,değerlendirme
hapşırma yeni bir semptom. burun akıntısı enfeksiyon olabilir.,değerlendirme
"sonunda bir lupus vakam oldu, serum fizyolojik vermeye başlayın, dört ünite a grubu kan verin ve steroid vermeye başlayın.",tedavi
bt taraması yapılmalı ama endoskopinin gösterdiğinden fazlasını göstermeyebilir.,test/prosedür
karaciğer ve kalp yetmezliği antitripsin eksikliği anlamına gelebilir.,değerlendirme
uzun dönem solunum takibi gerekecek.,tanı
"hayır, lumbar ponksiyon temiz.",tanı
onu izleyeceğiz ve bir tiroid testi yapacağız.,talimat
hmb sentetaz mutasyonu için genetik test istendi.,test/prosedür
lazer fotokoagülasyon gözü düzeltebilir.,talimat
yani cevap havalı olabileceği için yirmi dört yaşındaki bir kadına beyin biyopsisi yapmamızı mı istiyorsunuz?,soru
nasıl durumu? kustu mu?,soru
tüpler sindirim sisteminde kan olduğunu gösterdi. nereden geldiğini bulmamız gerekiyor. boğazının arkasını uyuşturacağım ve dr. foreman sana bir sedatif verecek.,test/prosedür
verdiğimiz steroid ve insülin benzeri büyüme faktörüyle onu vücuduna yaydık.,değerlendirme
"dalak hasarı olabilir, tüberküloz, gaucher hastalığı, ttp, hemolitik üremik sendrom, sepsis veya lupus olabilir.",tanı
"oksijen satürasyonu 85, hipoksik; entübe etmemiz gerekecek.",değerlendirme
"wiskott-aldrich sendromu var. bağışıklık sisteminizi bozuyor, aids olmaksızın aids benzeri her şeye karşı sizi savunmasız bırakıyor.",tanı
bacağındaki o sıçramayı hissettin mi?,soru
mri pineal bezde dikkate değer özellik göstermedi. ama laktat dehidrojenaz izoenzim seviyeleri hafif yüksek.,açıklama
morfini artırınca kalp hızı düştü; demek ki doğru karar verdim.,değerlendirme
vicodin alıyorum çünkü bazen iş için küçük bir desteğe ihtiyaç duyuyorum.,tedavi
bu ilaçların yan etkiler listesini okudun mu? tansiyonunu düşürebiliriz.,soru
abdomen tomografisi çek.,talimat
beyin omurilik sıvısı analizi yapıldı.,test/prosedür
haksızlık olurdu. doğrulamak için karaciğer biyopsisi yapacağız.,açıklama
peki karaciğerindeki sorun ne?,soru
ailenizde karaciğer hastalığı geçmişi var mı?,soru
empedanslar iyi görünüyor. saniyede 13 tık ve 50 desibel ile başlıyoruz.,açıklama
normal ldh ile olmaz.,tanı
ekg olmaz. kalp çalışmıyor.,değerlendirme
hipertrofik kardiyomiyopatin var. senin kalbin çok zayıf. seninkiyse çok güçlü.,açıklama
lenfoma olabilir.,tanı
belki gerçekten derisinin altında böcekler var. enfeksiyon? immünoterapi sonrası semptomların kötüleşmesi bunu düşündürür.,hipotez
kulağında böcek olan bir hastaya bt mi istedin?,soru
paromomisin tedavisi verildi.,tedavi
bir mr çekin ve onu bulun.,talimat
damar anevrizması tespit edildi.,tanı
kene felci? anafilaksiyi de açıklayabilir.,hipotez
her şey için tedaviye başlayın. ne düşünüyorsanız tedavi edin.,tedavi
potasyumuna baktınız mı?,değerlendirme
"dikişler iyi iyileşiyor, enfeksiyon belirtisi yok.",değerlendirme
"nörolojik semptom var ama nörolojik neden yok, bu da toksin ya da ilaç ihtimalini güçlendiriyor.",tanı
neden kanser olduğunuzu düşünüyorsunuz?,soru
kolun acımıyorsa neden kanıyor?,soru
"kortizolden sonra kolunu oynattı, ayağa kalktı ve denge kurmaya başladı.",değerlendirme
"mri, t2 görüntüleri alın. ms plaklarını görebilmelisiniz. varsa biyopsiyi yapabilirsiniz.",talimat
"filtre cilde değince hemen döküntü çıkması, diyaliz filtresine alerjiyi gösteriyor.",değerlendirme
gelişmiş dünyada neden otoimmün hastalık var?,soru
gorham hastalığı ve kasabach-merritt sendromu her ikisi de aşırı agresif vasküler tümörlere neden olabilir.,tanı
şuna baksana. aritmi.,açıklama
"kan tahlilinde alkol, kokain, amfetamin ve opiat var.",tanı
sfinkter felci artı şoklar eşittir miller fisher sendromu.,hipotez
ilaç kaynaklı değilse. epo almadığı konusunda yalan mı söylüyor?,hipotez
karotid arterden girip kateteri beynine kadar ilerletiyoruz.,açıklama
mitral kapakta vejetasyon saptandı.,tanı
yüksek laktat muhtemelen strestendi. onu boşuna kestik.,soru
ailesi zayıflama hapı kullandığını söylüyorsa kalp krizinin tetikleyicisi ilaç olabilir.,hipotez
hasta kalp durması yaşadı.,tanı
olası enfeksiyon için antibiyotik başlandı.,tedavi
d-dimer normal çıktı.,test/prosedür
o evde her türlü toksin vardır.,hipotez
pulmoner ödem ve ikinci evre hipertansif kriz gelişti; oksijen verin ve sodyum nitroprussid infüzyonu başlatın.,değerlendirme
"kırık değil. epifiz plağı, büyüme plağı. bu kemik yaşını söyler. on beş bile değil.",test/prosedür
toksikoloji testi yapacağım.,test/prosedür
pnömensefalografi yaparsak onu hareket ettirmemize gerek kalmayacağını öne sürüyorsun.,açıklama
pulmoner ödem tek başına ürtiker yapmaz; burada alerjik bir mekanizma olmalı.,değerlendirme
yani cilt kanseri gibi mi? onu nasıl kapmış olabilir?,soru
immünsüpresan tedavi seçeneği tartışıldı.,tedavi
kolonoskopi ve endoskopi yaptık ama kanamanın kaynağını bulamadık.,test/prosedür
"bir semptom olabilir, yaklaşan ölüm hissi; evet, adrenal bez bozuklukları, kan hastalıkları veya anafilaksi olabilir.",tanı
halüsinasyon görüyor.,tanı
bu derin ven trombozu. çocuk eski bir kamyonetin arka koltuğunda 16 saat geçirmiş. pıhtı oluşmuş ve akciğerlerine gitmiş. arteriogram yapıp pıhtıyı bulmalı ve tpa ile açmalıyız.,test/prosedür
bruselloz olasılığı ön plana çıktı.,tanı
iudyi çıkarmak yeterli. semptomlar gerilemelidir.,açıklama
"mrg çekelim, apse veya gizli enfeksiyon kontrol edelim.",test/prosedür
evet. erkek arkadaşta bel soğukluğu vardı. onu ameliyata hazırlıyoruz.,açıklama
"text:miller-fisher, type:disease, text:solunum yetmezliğine, type:disease, text:plazmafereze, type:procedure",tanı
tüm ilaçları sistemden temizlemek için hastayı diyalize alıyoruz.,tedavi
son yıllarda takılma ve düşme sayısının belirgin artması nörolojik bozulmaya işaret ediyor.,değerlendirme
"heparin başla, hemen iv ver.",açıklama
"ateşi 103.5e çıktı, tansiyonu 8040. kalp kanı dolaştırmak zorunda, zayıfsa oksijen organlara ulaşamıyor.",açıklama
çünkü vitamini ondan önce bir başkası yiyor. bir abdominal mr çekin.,test/prosedür
otopsi planlanıyor.,test/prosedür
ciddi hasar oluşmadan önce dolaşımını geri getirebildik.,açıklama
dokuda nekrotizan enfeksiyon gelişmiş.,tanı
insülin şoku. ektden az da olsa tehlikeli. seni komaya sokabilir. ayrıca işe yarayabilir.,tedavi
"bir şey hak ettiysen, o da daha büyük bir termometreydi.",soru
biyopsi böbrek hasarını gösteriyor.,tanı
tükürük üretimini uyarmak için hastaya pilokarpin reçete edilmeli.,talimat
pet taraması metabolik aktiviteyi değerlendirmek için istendi.,test/prosedür
estherın bir sonraki semptomunu da eklerseniz - beyin - ağır metal toksisitesi düşündürür.,hipotez
kan basıncı ve solunumu normal olduğundan hipermagnezemi tabloyu tam açıklamıyor.,değerlendirme
kesin tanı olmadan transplant kurulu önüne çıkarmanın gerekçesi nedir?,soru
mandibulada ilerleyici kemik enfeksiyonu tespit edildi.,tanı
"steroidlerle durumu kötüleşti, bu da hastalığın otoimmün olmadığını gösteriyor.",hipotez
maternal ayna sendromunun şaşmaz tek tedavisi var. fetüsü doğurtmak.,açıklama
görüntülemeler kafaiçi basınçta hafif artış gösteriyor. ama sinirler etrafında kitle yok.,test/prosedür
weil sendromu da birden fazla organ sistemini etkiler ve acilde verilen antibiyotikler onu tedavi etmezdi.,hipotez
uçuk son 6 hafta içinde bulaştıysa testte çıkmamış olabilir. ama baryum lavmanında gözükür.,talimat
ameliyattan sonra igf seviyeleri normale dönerse tanı kesinleşir.,açıklama
servikal spondiloz?,soru
mallory-weiss yırtığı olabilir.,hipotez
"plazma, kanın berrak sıvı kısmı, sinir sistemine saldıran antikorların çoğunu içerir. makine kanı santrifüjde döndürüp ağırlığa göre ayırır.",açıklama
kalbi durmaksızın hızlı atıyor. buna neyin sebep olduğunu bilmiyoruz.,değerlendirme
"küçük hücreli tümör olabilir. pet taraması yapalım. bazen hiç tümör olmadan da başvurur, yüzde 12.",hipotez
önce kan kültürü alın.,test/prosedür
eeg özgül değildi. nereye biyopsi yapacaksın?,soru
bunun yerine bir anjiyo ve e.p. çalışması yapın.,talimat
giovannini sendromu mu?,soru
eğer pıhtılaşma bozukluğuysa heparin en hızlı tedavi seçeneği olur.,talimat
adamı zehirlemeden önce kontrol etmek iyi olur dedim. sadece çiviyi yerleştirmeden önce kemik biyopsisi almanı istiyorum.,test/prosedür
bunu alerjik reaksiyon olsaydı görmemiz gerekirdi. ama kesinlikle alerji yok.,değerlendirme
safra yolu kanseri için ercp yapın.,test/prosedür
dikişleri yakınında sorun mu var?,değerlendirme
"mr planlayacağız, bazı vakalar idiopatiktir.",test/prosedür
taşikardi humoral bir etki olabilir; mastositoz.,hipotez
tamam. açın ve içine defibrilatör koyun ki siz testleri yapana kadar yaşayabilsin.,tedavi
ms için interferon başlatabiliriz.,tedavi
koca ne kadar morfin alıyor? solunumu baskılanmış. dozu azaltın!,talimat
"lcdd olabilir, kemoterapiye başlayacağız.",tanı
hasta testosterona duyarsız bulundu.,tanı
karaciğerine iğne batırabiliriz.,test/prosedür
cerrahlar 3 ünite ab pozitif kan verdiler ama hl kanama odağını arıyorlar.,tedavi
akciğerlerini sıvı ile doldurun.,tedavi
dr. chase koma hastam için antibiyotik ve prednizon aldı.,açıklama
"ağrıyı, vertigoyu, her şeyi açıklar. mr çekin.",test/prosedür
trombositoz için tedaviye başlıyoruz.,tanı
ekgde hl değişiklik yok.,değerlendirme
entübe etmemiz gerekiyor. içeriye biraz yardım lazım!,talimat
"boyun şişliği hava yolunu kapatıyor, acil trakeotomi yapmalıyız.",tanı
"nakilden sonra nöbet geçirmesi, önceki otoimmün tedavinin işe yaramadığını düşündürüyor.",değerlendirme
"senatöre hemen iv immünoglobulin başlayın. eğer iyileşirse ben haklıyım, ölürse siz haklısınız.",tedavi
zaten hasarlı bir kafatasına delik açıp elektrik vermek çok dinlendirici!.,değerlendirme
bacaktaki delik yılan ısırığını düşündürür.,tanı
ikinci derece karbonik anhidraz eksikliği olmalı çünkü osteopetrozun bilinen diğer nedenleri tedavi edilemez.,tanı
"ciddi bir epileptik nöbet geçirdiniz, size serum ve antikonvülziv ilaç veriyoruz, sadece dinlenmeye çalışın.",tedavi
laboratuvar cerrahi yapılacak kadar temizdi; farelerde virüs ya da pire belirtisi yoktu.,değerlendirme
lassa ateşi olabilir.,hipotez
sekiz ay önce uterin miyomu alındı. santral hat iv akciğerin yakınında yavaş genişleyen bir delik açmış olabilir.,tanı
nefesinde amonyak kokusu var; bu böbrek yetmezliğini düşündürür.,değerlendirme
"ellerinin röntgenini çekin, sonra bronkoskopi yapıp balgam sitolojisi isteyin.",talimat
house 12 saatte bir kontrol etmemizi istedi.,talimat
plasebo serum sonrası belirtiler geri döndü.,değerlendirme
ve bir spinal sinir biyopsisi yapın.,açıklama
aortik ameliyat sonrası antikoagülan alırken mi?,değerlendirme
onu trendelenburg pozisyonuna alın.,talimat
prednizon şekeri yükseltip tekrar komaya sokabilir; önce çift zincirli dna testi yapalım.,test/prosedür
"düşük potasyum, iraka gitmeden önce verilen deneysel aşılar ve kimyasal savaş karşıtı haplardan da kaynaklanıyor olabilir.",hipotez
"doğruladığınızda, abseyi kalbinden kesip çıkarın.",tedavi
"kalp hızı 30a düştü, atropin veriyoruz.",tedavi
wegener tedavisi mesanesinde büyük bir kanamaya yol açtı.,açıklama
yüksek doz dopamin verebiliriz. damarları daraltır. kan damarlarını kapatır böylece kanamaz da.,tedavi
antibiyotikler enfeksiyonları kontrol altına alır.,açıklama
gidin ve clark kentin limbik sisteminde kitle arayın.,talimat
endokardit ihtimali var.,hipotez
bu anlamsız. baş ağrısı hastalıktan kaynaklanıyorsa b12 eksikliği vardır. sadece üzgün olduğu içinse hiçbir anlamı yok. bunu nasıl test edeceğiz?,soru
steroid tedavisi başlandı.,tedavi
"rahimde kan akciğerleri bypass etmek zorunda çünkü henüz çalışmıyor. doğduğumuzda ilk büyük nefesimizi alırız, akciğerler genişler ve duktus kapanır. sizinkisi kapanmamış.",tanı
house kronik bacak ağrısı için vicodin kullandı.,tanı
sen dalağı düzelttikten sonra romatoid artirit için biyopsi yapacağım.,hipotez
sorun ne? beni duyabiliyor musun? o felç geçiriyor.,soru
astım için steroid mi? evet. hiperinflasyonu doğrulamak için bt çekin.,talimat
"denge organları, sinirler, akciğerler, kemikler, kalp. enfeksiyon belirtisi yok.",değerlendirme
"biraz dehidre olmuş, salin serumuna bağlayın ve biraz portakal suyu verin.",tedavi
ona anjiyogram yapın.,test/prosedür
"anafilaktik şok desek, bronkospazm belirtisi yok.",tanı
standart denge testini rodeo şampiyonu bir boğa binicisine yapamazsınız.,değerlendirme
tedavi işe yaradı. hastanın nefes alışı normale döndü. şu an taburcu ediliyor.,değerlendirme
"tamam, mantıklı olsa bile bize yaklaşmanıza izin verilmeyen bir çocuğa kolonoskopi yapmak biraz zor.",test/prosedür
annenin kan alkol düzeyi 0.12. sabah on buçukta.,test/prosedür
heparin ile tedavi başlatıldı.,tedavi
"mono olduğumu söylediğiniz konuda, kocam da test edilmeli mi?",soru
"hastaya sıvı verin, lejyoner tedavisi uygulayın.",talimat
pnömoni için mr mı? istemiyorum.,soru
kalp kapakçığı daralması değil. hiçbir şey uymuyor.,değerlendirme
sol tarafta hareket etmeyen birkaç bin miyosit var.,değerlendirme
siklofosfamid seçeneği değerlendirildi.,tedavi
"kalbi hızlanıyor, tansiyonu yükseliyor; kavga ettikçe anksiyete atağı geçiriyor.",değerlendirme
"bt, mr, balgam testi ve ace düzeyi isteyin. affedersiniz, özür dilerim, sakat geçiyor.",test/prosedür
lenfoma tüm bulguları açıklayabilir.,hipotez
"text:karaciğer hastalığı,type:disease",hipotez
ne kadar süre burada kalacağım?,soru
v-fib! ona şok vermeliyiz.,talimat
enfeksiyon azmış işte. tekrarlayın.,değerlendirme
trombositler normal görünüyor.,değerlendirme
küçük bir glioma kontrasttan gizlenebilir. pet taraması yapabiliriz.,hipotez
ultrasonun gözden kaçırabileceği küçük tümörleri bulmak için abdominal ct çekin.,talimat
cytoxan onu enfeksiyona karşı daha duyarlı hale getiriyor. şarbon tekrarlayabilir ve daha dirençli olabilir.,hipotez
"gözlerindeki kuruluk korneada ülserleşmeye yol açabilir, floresan boyama ile kontrol edin.",talimat
öyleyse pnömoni olduğunu göstermek için test yap. akciğerleri sönmeye devam ettiği için bronkoskopi yapamayız. transtrakeal aspirasyon.,test/prosedür
"mrda inme ya da tümör yok, bu yüzden toksik maruziyet daha olası.",değerlendirme
beyin mrını çekin; pıhtı arayın. ya tedaviye başlayın ya da daha güçlü bir mr cihazı yapmaya başlayın.,talimat
"diğer pıhtıları önlemek için heparin vermeye başladım, ama hl neler olduğunu bilmiyoruz.",tedavi
kandaki zararlı maddeleri temizlemek için plazmaferez uygulandı.,tedavi
"çizik testi yapın, alerjilere bakalım.",test/prosedür
interferon bağışıklık sistemini modüle eder. lösemiler gibi bir kan kanserini etkileyebilir.,hipotez
"bu yüzden arteriogram yerine venogram yapacaksınız. bu yüksek basınçlı bir patlama değil, düşük basınçlı bir sızıntı.",test/prosedür
"kalp hızı ayarlayıcı verin, kemo ve radyasyona başlayın. bu onu tedavi etmeyecek, ama birkaç hafta kazandıracak.",tedavi
oksijen düzeyi ve ekgsi normal. havayolundan da değil.,test/prosedür
sıvıyla beraber asiklovir tedavisine başlayın.,tedavi
periferik yayma yapın ve akantosit var mı bakın.,talimat
antikor testi yapılmalı.,test/prosedür
"blastomikoz. aylarca asemptomatik olmuş olabilir. akciğerlerine çarpar, steroid veririz; çiçek açar ve karaciğerine saldırır.",tanı
lupus nefriti düşünüldü.,hipotez
ameliyat sonrası psikiyatriye yönlendirildi.,tedavi
böbreküstü bezlerine mr çekin.,talimat
"bu bir tümör değil foreman, gözünün içinde yüzen solucanlar var.",tanı
elindeki istemsiz kıvrılma koreyi düşündürüyor.,değerlendirme
"o bakır şeyi? genetik, vücut çok fazla bakır biriktirir. wilson hastalığı?",hipotez
bebeği ecmoya bağlamazsan enfeksiyon vücuduna yayılır.,tedavi
felty sendromu mu?,soru
belki pestisitler konusunda yanılıyoruz.,hipotez
çok nadirdir ve tedavi edilebilir. itrakonazol kullanmaya başlayacaksın.,tedavi
nöbetten önce mide bulantısı veya kusma oldu mu?,soru
"eğer bir enfeksiyonun olsaydı, ateşin olurdu. başka bir yerde tatil yapmam lazım.",talimat
tanı için biyopsi gerekir. göğüs bt daha hızlı olur.,test/prosedür
ya... eegyi beynin içinden yaparsak?,soru
otoimmünse ve vücudu tümörlerle mücadele edecek antikorlar ürettiyse...,hipotez
gizli tümör paraneoplastik sendroma yol açabilir.,hipotez
koku alma duyunun bozulduğunu ilk ne zaman fark ettin?,soru
"parazit kontrolü için gaita örneği, enfeksiyonu dışlamak için kan kültürü ve lupus için ana testi yapın.",talimat
hipertansif kriz pıhtılaşma faktörlerini aktive ediyor olabilir.,hipotez
ya da astım ilaçları. kalbi daha hızlı atması için zorlarız. aritmiyi ortaya çıkarır.,test/prosedür
hastaya elektrik şoku uygulanarak ritim düzeltildi.,tedavi
"ağır yaranız var, pansuman yapıp en kısa sürede sizi hastaneye götüreceğiz.",talimat
bize bir şey mi saklıyor?,soru
potasyum seviyesi yükseliyor.,tanı
"bin virüsü altıya indirmemiz lazım. antikor kitleri alın, hasta çocukları test edin. sağlıklı çocuk kontrol grubumuz olsun.",test/prosedür
ekoda bir şey çıkmadı. troponin takibi yaptık. miyokardiyal iskemi belirtisi yok.,test/prosedür
muhtemelen biraz anemiksiniz ama emin olmak için ekg yapacağım. toksikoloji taraması dahil kan testleri istiyorum.,test/prosedür
şiddetli ağrı için spinal enjeksiyon istendi.,tedavi
steroidler zaten bağışıklık sistemini zayıflattı. kanser onu öldürmeden önce radyasyon öldürür.,tedavi
dilde ani şişme meydana geldi.,tanı
hastaya kortizol enjekte etti.,tedavi
mahkeme kararı çıkarın. ona hidrolaz vermek zorundayız.,açıklama
demir birikimi hastanın tüm hayati organlarını yavaşça zehirlemiş.,hipotez
sekiz yıllık öykü yeniden incelenirse gözden kaçan nörolojik bir ipucu bulunabilir.,değerlendirme
otoimmün hastalık düşünülüyor.,tanı
basıncı düştü; ritmi geri getirmek için şok veriyoruz.,açıklama
hava ya ince bağırsaktaki lümende bir kırıktan ya da nadir durumlarda doğrudan havadan gelir.,tanı
eozinofilik pnömoni değil. house onu eledi çünkü gırtlağı etkilerdi.,değerlendirme
genellikle steroid ve metotreksata cevap verir. ilaçları vermeye başlayayım.,tedavi
"amy, derekten uzak tutulmalı; üzerinde taşıdığı bir ajan atakları tetikliyor olabilir.",tedavi
abdominal ultrason incelemesi planlandı.,test/prosedür
kasları taş gibi sertleşmiş.,değerlendirme
malaria ihtimaline karşı coartem başlandı.,tanı
"senkopa ne neden olur? vazovagal reaksiyon. menenjiyom, hasta sinüs sendromu.",hipotez
tedavi değiştirildi.,tedavi
"tabii, bir de total vücut ışınlaması.",talimat
"böbrek fonksiyonların kötüleşmeye devam ediyor, bu da böbreklerinde bir sorun olduğu anlamına gelir.",tanı
stres de kalpe ve atardamarlara zarar verip şah damarı tıkanmasına ve denge bozukluğuna neden olmuştur. holter ve karotis doppleri yapın.,test/prosedür
parmaklarında ağrı başladı; beyaz küre sayısını geçici olarak yükseltmek için gcsf dozunu iki katına çıkarmalıyız.,hipotez
klor gazı hasarı için paranteral steroid ve sodyum bikarbonat tedavisine başlayın.,talimat
omzunu tekrardan bandajlatmalısın.,talimat
"fungus sinüs yoluyla beyne girer; mutluluk, körlük ve acı dansı.",tedavi
yüksek kolesterol var.,hipotez
bu dalaktan gelmiyor. karaciğer.,açıklama
"tümör olmalı. kan işlerini tekrarlayın, 2 mm kesitlerle yeni mrg çekin.",test/prosedür
testis tümörü için cerrahi planlandı.,tedavi
"bu bir bağırsak hareketi değil, ciddi bir rektal kanama söz konusu.",tanı
"hızlı detoks aritmi, yeni nöbet ya da karaciğer yetmezliği riski taşır.",değerlendirme
rifampin tedavisi başlandı.,tedavi
"bir nükleer çalışma yapın. eğer haklıysam, kalpte yara izi göreceksiniz.",talimat
mrida temporal lobda mikro apse görüldü.,tanı
parmakları morarıyor ve kolunda ciddi bir uyuşukluk hissettiğini söylüyor.,açıklama
sesler duymak psikoz olabilir.,açıklama
sıtma ihtimali değerlendiriliyor.,hipotez
test etmenin en hızlı yolu tedavi etmektir.,değerlendirme
cerrah hepsini almış gibi görünüyor ama kemoterapi alması gerekecek.,açıklama
overler ultrason ile değerlendirildi.,test/prosedür
"o bir güreşçi, muhtemelen kilo düşmek için diüretik kullanıyordur, bu da düşük akyuvar sayımına neden olabilir.",hipotez
hava balonu peye ve kardiyak arreste yol açtı.,tanı
yüzünün yanındaki yanık barut kaynaklı...,soru
nöbetten önce herhangi bir bulantı veya kusma oldu mu?,soru
bir eko yapın. cıvanın kalbe zarar vermesi pek olası değil.,talimat
sistemini temizlemek için hastaya bir somatostatin analoğu verin.,talimat
defibrilasyon uygulandı.,tedavi
lenf bezleri şişmiş.,tanı
hasta yarı vejetaryen besleniyor. bol k vitamini alıyor. sjögren daha olası.,değerlendirme
bacağındaki drenaj borusunu çıkardılar; yara yavaşça iyileşiyor.,açıklama
hipofiz bezine biyopsi yapalım.,talimat
empirik std tedavisi başlandı.,tedavi
"iv uyuşturucu kullanıcısı değil, dövmesi yok, kendine zarar verdiğine dair yara izi yok.",değerlendirme
ldh seviyesi normal çıktı.,test/prosedür
ani davranış değişiklikleri ve kontrol kaybı nörolojik bir sendromu işaret ediyor olabilir.,tanı
veya karaciğerde her iki soruna da neden olan damarsal bir anormallik olabilir.,açıklama
"kurşun parçaları hipbone arkasında saklanmış, bu yüzden ilk taramalarda gözden kaçmış.",açıklama
öyleyse temporal lob epilepsisi kaldı. güreş müsabakasındakiler nöbet geçirdiğini farkederdi.,değerlendirme
gizem çözüldü; hastayı hasta eden şey biyolojik ailesinin ona bıraktığı metalik bir hediye.,açıklama
alt ekstremitelerde şiddetli ağrı gelişti.,tanı
"text:malabsorbsiyon,type:symptom",soru
"acil servis kan kültürleri aldı  hepsi negatif, parazit yok, mantar yok.",değerlendirme
sorun akciğerlerden de kaynaklanabilir; laboratuvarda soluduğu toksik kimyasallar etkili olmuş olabilir.,hipotez
yumuşak doku pencereleri temiz. kemik pencerelerine geçiyorum. işte humerusta.,açıklama
kolesistit?,soru
ne zamandan beri sıtma kalp yetmezliğinin tedavisi oldu?,soru
kardiyak skar. cmv. enterovirüsler. influenza a. rsv.,hipotez
tükürük ve gözyaşı bezlerindeki inflamasyonu baskılamak için oral prednizolon başlayın.,talimat
tıkanıklığı açmak için hastaya laktüloz verin; ameliyattan önce bunu denemeliyiz.,talimat
tularemi tanısı için serum antikor düzeylerinde dört kat artış gerekir. 160 üstü tek titre büyük ipucu.,test/prosedür
"şizofren anne, parası yok, kamusal yardımda. plan b: tümörü rezeke etmek için cerrahi.",hipotez
amlin bir sebebi daha vardır.,hipotez
kore gelişmesi pıhtılaşma bozukluğunu geri plana iter ve santral sinir sistemini yeniden gündeme getirir.,değerlendirme
kan gazı sonuçları metabolik asidozu gösteriyor.,tanı
kemik iliğinden bir örnek al.,talimat
sarılık var.,tanı
interferona alerjik reaksiyon olabilir.,değerlendirme
dic pıhtılaşmaya neden oluyor.,tanı
kalp hasarını görmek için nükleer test yapın.,talimat
testis kanseri diğer organlara yayılmış olabilir.,açıklama
pankreas dahil tüm organlar tarandı.,test/prosedür
"hasta sürekli göz kırpıyor, nörolojik bir sorun olabilir.",tanı
bugün giydiği kıyafetler yeniydi. hiç yıkanmadılar.,açıklama
uzayan hipertansiyon kalp krizine neden olmuş olabilir.,hipotez
kortizol seviyeleri normal görünüyor.,açıklama
saç renginin değişmesi genetik ya da hormonal bir soruna işaret edebilir.,tanı
"akciğerinden bir parça alın, mor ötesi ışık altında inceleyin. işıldıyorsa işimiz kolay.",talimat
hasta ventriküler fibrilasyona girdi.,talimat
kulağında hamam böceği mi var?,soru
hasta metotreksata yanıt vermiyor. kanama zamanı düzelmedi.,açıklama
bacaklarımı hissetmiyorum! siz ne yaptınız?,soru
dudaklarım mavi. siyanoz. sırt ve göğsümde ağrı var. spontan pnömotoraks.,tanı
"nefes darlığı dışında bir şey yok, aslında sadece bir gerginlik hissi.",soru
feokromasitoma.,hipotez
sıradan bir röntgende kurtlar saçma taneleri gibi görünür.,açıklama
bunun için bizi sabah beşte mi çağırdı? ben yatağa geri dönüyorum. distoni hayati tehlike yaratmaz. klonazepam bunu halleder...,soru
intravenöz interferon başlandı.,tedavi
işık yakıp söndürerek bir nöbeti tetikleyebilirim.,talimat
"fosfolipit antikorları negatif, yani lupus yok. churg-strauss için de aynı şey geçerli.",hipotez
sabah 10dan önce iki içki içen amerikalı bir okul kızı için bu büyük ihtimalle çok daha fazlasının planıydı. muhtemelen ilk sefer de değildi.,değerlendirme
"ekg cihazına bağlayın, dört saat izleyin.",test/prosedür
genellikle steroid ve metotreksata cevap verir.,tedavi
"kalp hızı düşmeye devam ediyor, atropin işe yaramıyor.",tanı
boynundaki ve kolundaki kan akımını görmek için iyot boyası kullanacağız.,test/prosedür
"nefes borun sola kaymış, bu sağ akciğerinin söndüğü anlamına gelir.",tanı
"eğer osteomyelit varsa, enfeksiyon kemik zarına basıyordur. damardan antibiyotik verin. osteomyeliti doğrulamak için röntgen çekin.",hipotez
hastada yaygın sinir hasarı gelişmiş.,tanı
bt akciğer fibrozisini gösterdi.,tanı
dördüncü ventrikül duvarında hafif bir kayma var. tümör olduğunu gösterebilir.,test/prosedür
iki içki pek de aşırı sayılmaz.,değerlendirme
kocasına eko yaptın mı? kalbi hl iflas ediyor. iyileşme geçiciymiş.,test/prosedür
solunum sıkıntısı panik atak kaynaklı olabilir.,tanı
karın ve pelvis bt çekildi.,test/prosedür
iskemik bağırsağı var. kan akışı eksikliği bağırsaklarının ölmesine neden oluyor.,tanı
"semptomlar kötüleşiyor, tümörler büyüyor. ameliyat her şeyi düzeltir: kimyasal dengesizlik, nöbetler, işitsel halüsinasyonlar.",açıklama
hangi genetik pıhtılaşma defektine sahip olduğunu bulmak için tam kan paneli yapın.,talimat
"böbrek fonksiyonları hızla bozuluyor, akut yetmezlik gelişebilir.",tanı
"elektrokonvulsiv terapi diğer belirtileri açıklar. onu normal bir erkek yapmak için elektrokonvulsiv terapi mi yapmışlar? sinirsel hasar, afaziyi açıklar.",hipotez
akciğer skarı ve bozuk kemik iliği otoimmün hastalığı düşündürüyor; pulmoner fibroz olabilir.,açıklama
öyleyse limbik sistemde neden aktivite yok? kalpte bir sorun olmadığı sürece böyle olmaz. doğrulamak için eko yapın. sonra ameliyata giriyoruz.,soru
fibrozisi kontrol etmek için karaciğer anjiyogramı yapın.,talimat
balgamda kan parazit anlamına gelebilir.,değerlendirme
mitokondriyal ensefalopati düşünüldü.,hipotez
ağzındaki vajinoz için verdiğimiz antibiyotikler beyin apselerini iyileştirdi.,hipotez
hiperbarik odaya alındı. yüksek basınç kanındaki havayı temizler.,talimat
"erken doğumu engellemek için magnezyum, akciğerleri geliştirmek için steroid verin.",talimat
diş izleri. iv tüpüne üflediğinde bırakmış olmalı.,tanı
"son zamanlarda kafana takılan bir şey, belirli bir stresin var mı?",soru
peki bugünlerde bisiklet turlarında günün ilacı ne? hala eritropoietin mi? yoksa sadece akü asidi mi içiyorsunuz?,soru
olası enfeksiyon için antibiyotik verildi.,tedavi
barsak yoluyla enfekte olsaydı barsak semptomları olurdu.,değerlendirme
opioid bağımlılığı çektiğin acıdan daha fazlasını hissetmene neden olabilir. iyileşeceksin.,tedavi
grip döküntüsüne benziyor.,değerlendirme
hepatit a pozitif mi?,soru
boynunda tarif ettiği bölgeyi muayene ettim.,açıklama
"kanama zamanı testini yapın, hastamızın kanının bozuk olduğunu doğrulayın.",talimat
bir ara beş altı kemiğini mi kırmış? bize bundan bahsetmedi mi?,soru
meckel divertikülü çıkarılmadıysa bu durum şiddetli ağrı ve kanamaya yol açabilir.,hipotez
ona tüm vücut taraması yapın.,talimat
metabolik ya da otoimmün bir hastalık değil. kesinlikle kanser değil.,değerlendirme
kanı boşaltmak için şant yaptık.,tedavi
hastada paroksismal taşikardi vardı.,açıklama
karaciğerine ultrason yapın.,test/prosedür
"haklısın. cerrah böbreğin arkasında ve retroperitoneal boşlukta bir kanama buldu ama nedenini bulamadı. kanser yok, yırtılmış arter yok.",açıklama
"ayağını ateşten çekti; bu, motor fonksiyonun korunduğunu gösterir.",değerlendirme
ağır metal zehirlenmesi görme değişikliği yapabilir; özellikle talyum.,hipotez
salmonella için florokinolon başlayın.,talimat
tümör olamaz. kenarlar fazla keskin ve belirgin.,değerlendirme
